Workbook

Sheet All Cards
A1: # | B1: Card Name | C1: Fair Value (USD) - EDIT HERE | D1: Confidence | E1: # Sales | F1: Top 3 Prices | G1: Min | H1: Max | I1: Notes | J1: Player | K1: Set
A2: 161 | B2: 2024-25 O-Pee-Chee Platinum - [Base] - Arctic Freeze #263 - Marquee Rookies - Macklin Celebrini #1/99 | C2: 605 | D2: low | E2: 2 | F2: $605.0 | $824.61 | G2: $605.0 | H2: $824.61 | J2: Macklin Celebrini | K2: 2024-25 O-Pee-Chee Platinum
A3: 134 | B3: 2023-24 O-Pee-Chee Platinum - [Base] - Violet Pixels #201 - Marquee Rookies - Connor Bedard [PSA 10 GEM MT] #260/299 | C3: 479.4 | D3: low | E3: 3 | F3: $479.4 | $358.66 | $488.23 | G3: $358.66 | H3: $488.23 | J3: Connor Bedard | K3: 2023-24 O-Pee-Chee Platinum
A4: 185 | B4: 2024-25 Upper Deck Series 2 - [Base] #451 - Young Guns - Macklin Celebrini [PSA 8 NM‑MT] | C4: 368 | D4: high | E4: 49 | F4: $329.73 | $319.48 | $368.0 | G4: $165.5 | H4: $431.31 | J4: Macklin Celebrini | K4: 2024-25 Upper Deck Series 2
A5: 163 | B5: 2024-25 O-Pee-Chee Platinum - [Base] - Red Prism #263 - Marquee Rookies - Macklin Celebrini #2/199 | C5: 317.45 | D5: high | E5: 1 | F5: $317.45 | G5: $317.45 | H5: $317.45 | J5: Macklin Celebrini | K5: 2024-25 O-Pee-Chee Platinum
A6: 142 | B6: 2024-25 SPx - Excellence Redefined - Red #EX-9 - Connor Bedard, Nathan MacKinnon #9/10 | C6: 313.3 | D6: estimated | E6: 2 | F6: $313.3 | $554.6 | G6: $313.3 | H6: $554.6 | J6: Connor Bedard | K6: 2024-25 SPx
A7: 118 | B7: 2023-24 Upper Deck Allure - Color Flow - Orange Yellow Spectrum #CF-16 - Connor Bedard [PSA 10 GEM MT] #125/199 | C7: 300 | D7: manual | J7: Connor Bedard | K7: 2023-24 Upper Deck Allure
A8: 31 | B8: 2023-24 Upper Deck Series 2 - [Base] #451 - Young Guns - Connor Bedard [PSA 9 MINT] | C8: 273.77 | D8: high | E8: 50 | F8: $396.31 | $268.77 | $273.77 | G8: $243.5 | H8: $396.31 | J8: Connor Bedard | K8: 2023-24 Upper Deck Series 2
A9: 109 | B9: 2023-24 O-Pee-Chee Platinum - [Base] - Red Prism #201 - Marquee Rookies - Connor Bedard [PSA 9 MINT] #70/199 | C9: 263.23 | D9: low | E9: 4 | F9: $170.48 | $300.6 | $263.23 | G9: $170.48 | H9: $300.6 | J9: Connor Bedard | K9: 2023-24 O-Pee-Chee Platinum
A10: 135 | B10: 2023-24 O-Pee-Chee Platinum - [Base] - Pond Hockey Variants #202 - Marquee Rookies - Logan Cooley [PSA 10 GEM MT] | C10: 150 | D10: low | E10: 8 | F10: $50.09 | $169.38 | $209.96 | G10: $50.09 | H10: $209.96 | J10: Logan Cooley | K10: 2023-24 O-Pee-Chee Platinum
A11: 137 | B11: 2023-24 O-Pee-Chee Platinum - [Base] - Emerald Surge #53 - Nick Suzuki [PSA 10 GEM MT] #10/10 | C11: 200 | D11: manual | E11: 0 | G11: $5.0 | H11: $5.0 | J11: Nick Suzuki | K11: 2023-24 O-Pee-Chee Platinum
A12: 189 | B12: 2024-25 SPx - [Base] #166 - Rookie Holograms - Macklin Celebrini [PSA 8 NM‑MT] | C12: 200 | D12: manual | E12: 0 | G12: $5.0 | H12: $5.0 | J12: Macklin Celebrini | K12: 2024-25 SPx
A13: 187 | B13: 2025-26 Upper Deck Series 1 - [Base] - Deluxe #236 - Young Guns - Zayne Parekh #106/250 | C13: 196.18 | D13: high | E13: 9 | F13: $184.56 | $196.18 | $142.88 | G13: $65.87 | H13: $196.18 | J13: Zayne Parekh | K13: 2025-26 Upper Deck Series 1
A14: 181 | B14: 2025-26 Upper Deck Series 1 - Bootlegs #BL-18 - Artyom Levshunov | C14: 187.91 | D14: high | E14: 1 | F14: $187.91 | G14: $187.91 | H14: $187.91 | J14: Artyom Levshunov | K14: 2025-26 Upper Deck Series 1
A15: 133 | B15: 2023-24 O-Pee-Chee Platinum - [Base] - Red Prism #293 - Marquee Rookies - Leo Carlsson [PSA 10 GEM MT] #53/199 | C15: 162.96 | D15: low | E15: 5 | F15: $172.99 | $162.96 | $160.13 | G15: $160.13 | H15: $198.21 | J15: Leo Carlsson | K15: 2023-24 O-Pee-Chee Platinum
A16: 154 | B16: 2023-24 SPx - Finite Rookies - Silver Spectrum #F-3 - Matthew Knies #24/49 | C16: 20 | D16: low | E16: 3 | F16: $147.96 | $110.25 | $95.97 | G16: $95.97 | H16: $147.96 | J16: Matthew Knies | K16: 2023-24 SPx
A17: 136 | B17: 2023-24 O-Pee-Chee Platinum - [Base] - Emerald Surge #14 - Jake Sanderson #1/10 | C17: 30 | D17: low | E17: 11 | F17: $75.71 | $136.86 | $87.77 | G17: $25.89 | H17: $182.65 | J17: Jake Sanderson | K17: 2023-24 O-Pee-Chee Platinum
A18: 108 | B18: 2023-24 O-Pee-Chee Platinum - [Base] - NHL Shield Variations #203 - Marquee Rookies - Adam Fantilli [PSA 10 GEM MT] | C18: 124.13 | D18: low | E18: 4 | F18: $124.13 | $65.56 | $65.93 | G18: $40.99 | H18: $124.13 | J18: Adam Fantilli | K18: 2023-24 O-Pee-Chee Platinum
A19: 117 | B19: 2023-24 O-Pee-Chee Platinum - [Base] - Pond Hockey Variants #203 - Marquee Rookies - Adam Fantilli [PSA 10 GEM MT] | C19: 124.13 | D19: low | E19: 4 | F19: $124.13 | $65.56 | $65.93 | G19: $40.99 | H19: $124.13 | J19: Adam Fantilli | K19: 2023-24 O-Pee-Chee Platinum
A20: 174 | B20: 2024 Upper Deck PWHL 1st Edition - UD Portraits - Gold #P-2 - Marie-Philip Poulin [PSA 10 GEM MT] #82/299 | C20: 106.03 | D20: low | E20: 1 | F20: $106.03 | G20: $106.03 | H20: $106.03 | J20: Marie-Philip Poulin | K20: 2024 Upper Deck PWHL 1st Edition
A21: 188 | B21: 2023-24 O-Pee-Chee Platinum - [Base] - Pond Hockey Variants #205 - Marquee Rookies - Matthew Knies | C21: 105.14 | D21: high | E21: 3 | F21: $67.62 | $105.14 | $50.85 | G21: $50.85 | H21: $105.14 | J21: Matthew Knies | K21: 2023-24 O-Pee-Chee Platinum
A22: 91 | B22: 2024 Upper Deck PWHL 1st Edition - [Base] #65 - Young Guns - Marie-Philip Poulin | C22: 100.15 | D22: high | E22: 16 | F22: $86.77 | $100.15 | $115.59 | G22: $54.0 | H22: $188.65 | J22: Marie-Philip Poulin | K22: 2024 Upper Deck PWHL 1st Edition
A23: 178 | B23: 2023-24 O-Pee-Chee Platinum - Photo Driven - Red Pixel #PD-6 - Auston Matthews [PSA 10 GEM MT] #75/85 | C23: 100 | D23: manual | E23: 0 | G23: $5.0 | H23: $5.0 | J23: Auston Matthews | K23: 2023-24 O-Pee-Chee Platinum
A24: 119 | B24: 2023-24 Upper Deck Allure - [Base] - Blue Line Auto Jersey #114 - Rookies - Leo Carlsson #28/35 | C24: 99.59 | D24: low | E24: 1 | F24: $99.59 | G24: $99.59 | H24: $99.59 | J24: Leo Carlsson | K24: 2023-24 Upper Deck Allure
A25: 173 | B25: 2024 Upper Deck PWHL 1st Edition - [Base] - Deluxe #59 - Young Guns - Emma Maltais [PSA 9 MINT] #48/250 | C25: 99 | D25: low | E25: 1 | F25: $99.0 | G25: $99.0 | H25: $99.0 | J25: Emma Maltais | K25: 2024 Upper Deck PWHL 1st Edition
A26: 12 | B26: 2023-24 Upper Deck Series 1 - [Base] - Outburst Silver #44 - Mikko Rantanen | C26: 3 | D26: high | E26: 1 | F26: $98.34 | G26: $98.34 | H26: $98.34 | J26: Mikko Rantanen | K26: 2023-24 Upper Deck Series 1
A27: 72 | B27: 2024-25 Upper Deck Series 2 - [Base] - Deluxe #493 - Young Guns - Brandon Bussi #199/250 | C27: 93.97 | D27: high | E27: 2 | F27: $93.97 | $38.15 | G27: $38.15 | H27: $93.97 | J27: Brandon Bussi | K27: 2024-25 Upper Deck Series 2
A28: 128 | B28: 2024-25 Upper Deck Credentials - Retro Ticket Access Auto Rookies #RTAR-CG - SP - Cutter Gauthier | C28: 82.4 | D28: low | E28: 1 | F28: $82.4 | G28: $82.4 | H28: $82.4 | J28: Cutter Gauthier | K28: 2024-25 Upper Deck Credentials
A29: 132 | B29: 2024 Fleer Scooby Doo - S-S-Scared S-S-Sketches #SKT - Ryan Finley | C29: 71.35 | D29: low | E29: 1 | F29: $71.35 | G29: $71.35 | H29: $71.35 | J29: Ryan Finley | K29: 2024 Fleer Scooby Doo
A30: 114 | B30: 2024-25 Skybox Metal Universe - 2013 Retro #RT-2 - Cutter Gauthier | C30: 62.49 | D30: high | E30: 5 | F30: $62.06 | $62.49 | $62.19 | G30: $28.73 | H30: $62.49 | J30: Cutter Gauthier | K30: 2024-25 Skybox Metal Universe
A31: 143 | B31: 2024-25 Upper Deck Extended Series - [Base] #701 - Young Guns - Will Smith | C31: 59.99 | D31: high | E31: 9 | F31: $43.0 | $62.86 | $59.99 | G31: $40.36 | H31: $62.86 | J31: Will Smith | K31: 2024-25 Upper Deck Extended Series
A32: 182 | B32: 2024-25 O-Pee-Chee Platinum - Rookie Autographs - Red Prism #R-LB - Lian Bichsel #21/30 | C32: 59.49 | D32: low | E32: 1 | F32: $59.49 | G32: $59.49 | H32: $59.49 | J32: Lian Bichsel | K32: 2024-25 O-Pee-Chee Platinum
A33: 175 | B33: 2024 Upper Deck PWHL 1st Edition - [Base] #61 - Young Guns - Taylor Heise [PSA 8 NM‑MT] | C33: 58 | D33: medium | E33: 2 | F33: $58.0 | $74.1 | G33: $58.0 | H33: $74.1 | J33: Taylor Heise | K33: 2024 Upper Deck PWHL 1st Edition
A34: 164 | B34: 2024-25 Upper Deck Series 2 - Day with the Cup #DC10 - Anton Lundell | C34: 57 | D34: high | E34: 2 | F34: $57.0 | $33.95 | G34: $33.95 | H34: $57.0 | J34: Anton Lundell | K34: 2024-25 Upper Deck Series 2
A35: 38 | B35: 2023-24 O-Pee-Chee Platinum - [Base] - Rainbow Color Wheel #201 - Marquee Rookies - Connor Bedard | C35: 55.88 | D35: low | E35: 5 | F35: $55.88 | $82.0 | $96.15 | G35: $55.88 | H35: $96.15 | J35: Connor Bedard | K35: 2023-24 O-Pee-Chee Platinum
... A38: 33 | B38: 2023-24 Upper Deck Series 1 - UD Canvas #C103 - Young Guns - Matthew Knies [PSA 9 MINT] | C38: 52.28 | D38: low | E38: 4 | F38: $54.47 | $52.28 | $204.74 | G38: $52.28 | H38: $204.74 | J38: Matthew Knies | K38: 2023-24 Upper Deck Series 1
A39: 73 | B39: 2023-24 SPx - Signature Fabrics - Spectrum Patch #SF-JT - John Tavares #2/5 | C39: 50 | D39: manual | E39: 0 | G39: $5.0 | H39: $5.0 | J39: John Tavares | K39: 2023-24 SPx
A40: 179 | B40: 2023-24 SPx - [Base] - Purple Parallax #134 - Rookies - Matthew Knies [PSA 9 MINT] #85/149 | C40: 50 | D40: manual | E40: 0 | G40: $5.0 | H40: $5.0 | J40: Matthew Knies | K40: 2023-24 SPx
A41: 183 | B41: 2024-25 Upper Deck Series 2 - Young Guns Renewed #201.3 - Connor McDavid [PSA 9 MINT] | C41: 50 | D41: manual | E41: 0 | G41: $5.0 | H41: $5.0 | J41: Connor McDavid | K41: 2024-25 Upper Deck Series 2
A42: 184 | B42: 2024-25 Upper Deck Series 2 - UD Canvas #C161 - Joseph Woll [PSA 10 GEM MT] | C42: 50 | D42: manual | E42: 0 | G42: $5.0 | H42: $5.0 | J42: Joseph Woll | K42: 2024-25 Upper Deck Series 2
A43: 186 | B43: 2021 Bowman Chrome - [Base] - Blue Refractor #49 - Alejandro Kirk [PSA 9 MINT] #113/150 | C43: 50 | D43: manual | E43: 0 | G43: $5.0 | H43: $5.0 | J43: Alejandro Kirk | K43: 2021 Bowman Chrome
A44: 131 | B44: 2024-25 Upper Deck Series 2 - [Base] - Outburst #461 - Young Guns - Oliver Kapanen | C44: 46.01 | D44: high | E44: 6 | F44: $92.4 | $46.01 | $65.27 | G44: $46.01 | H44: $138.93 | J44: Oliver Kapanen | K44: 2024-25 Upper Deck Series 2
A45: 26 | B45: 2024-25 Upper Deck Series 1 - UD Canvas #C-117 - Young Guns - Frank Nazar | C45: 45.48 | D45: high | E45: 4 | F45: $45.48 | $29.79 | $20.0 | G45: $20.0 | H45: $45.48 | J45: Frank Nazar | K45: 2024-25 Upper Deck Series 1
A46: 90 | B46: 2024 Upper Deck PWHL 1st Edition - [Base] #60 - Young Guns - Ann-Renee Desbiens | C46: 39.85 | D46: high | E46: 10 | F46: $29.94 | $39.85 | $42.04 | G46: $12.42 | H46: $42.55 | J46: Ann-Renee Desbiens | K46: 2024 Upper Deck PWHL 1st Edition
A47: 82 | B47: 2024 Upper Deck PWHL 1st Edition - [Base] - Exclusives #7 - Maddie Rooney #72/100 | C47: 39.47 | D47: high | E47: 1 | F47: $39.47 | G47: $39.47 | H47: $39.47 | J47: Maddie Rooney | K47: 2024 Upper Deck PWHL 1st Edition
A48: 156 | B48: 2024-25 O-Pee-Chee Platinum - [Base] - Seismic Gold #46 - Lucas Raymond #20/50 | C48: 39.03 | D48: low | E48: 2 | F48: $39.03 | $34.97 | G48: $34.97 | H48: $39.03 | J48: Lucas Raymond | K48: 2024-25 O-Pee-Chee Platinum
A49: 180 | B49: 2024-25 Upper Deck Series 2 - [Base] #492 - Young Guns - Matvei Michkov [PSA 7 NM] | C49: 38.7 | D49: high | E49: 2 | F49: $38.7 | $36.46 | G49: $36.46 | H49: $38.7 | J49: Matvei Michkov | K49: 2024-25 Upper Deck Series 2
A50: 97 | B50: 2024 Upper Deck PWHL 1st Edition - [Base] #63 - Young Guns - Natalie Spooner | C50: 37.28 | D50: medium | E50: 9 | F50: $19.37 | $37.28 | $16.69 | G50: $14.34 | H50: $40.79 | J50: Natalie Spooner | K50: 2024 Upper Deck PWHL 1st Edition
A51: 99 | B51: 2024 Upper Deck PWHL 1st Edition - Dazzlers #DZ-2 - Marie-Philip Poulin | C51: 36.05 | D51: medium | E51: 8 | F51: $36.05 | $20.84 | $33.55 | G51: $19.18 | H51: $36.05 | J51: Marie-Philip Poulin | K51: 2024 Upper Deck PWHL 1st Edition
A52: 138 | B52: 2023-24 Upper Deck Series 1 - [Base] #248 - Young Guns - Luke Hughes [PSA 9 MINT] | C52: 35.3 | D52: high | E52: 14 | F52: $63.31 | $35.3 | $24.85 | G52: $22.0 | H52: $63.31 | J52: Luke Hughes | K52: 2023-24 Upper Deck Series 1
A53: 40 | B53: 2023-24 O-Pee-Chee Platinum - Retro #R-100 - Rookie - Connor Bedard | C53: 31.43 | D53: high | E53: 2 | F53: $31.43 | $30.46 | G53: $30.46 | H53: $31.43 | J53: Connor Bedard | K53: 2023-24 O-Pee-Chee Platinum
A54: 96 | B54: 2024 Upper Deck PWHL 1st Edition - [Base] #51 - Young Guns - Sarah Nurse | C54: 30.49 | D54: high | E54: 23 | F54: $30.49 | $21.21 | $27.22 | G54: $11.5 | H54: $57.08 | J54: Sarah Nurse | K54: 2024 Upper Deck PWHL 1st Edition
A55: 139 | B55: 1998-99 In the Game Be A Player - [Base] - Gold 20th National Atlanta #284 - Curtis Joseph #8/10 | C55: 30 | D55: manual | J55: Curtis Joseph | K55: 1998-99 In the Game Be A Player
A56: 149 | B56: 2025 Upper Deck Team Canada Juniors - License to Ice #LI-23 - Chloe Primerano | C56: 30 | D56: manual | E56: 0 | G56: $5.0 | H56: $5.0 | J56: Chloe Primerano | K56: 2025 Upper Deck Team Canada Juniors
A57: 35 | B57: 2024-25 Upper Deck Series 2 - [Base] - Outburst #380 - Sidney Crosby | C57: 29.63 | D57: high | E57: 14 | F57: $29.53 | $29.63 | $15.0 | G57: $10.97 | H57: $38.01 | J57: Sidney Crosby | K57: 2024-25 Upper Deck Series 2
A58: 169 | B58: 2025-26 Upper Deck Series 1 - [Base] #207 - Young Guns - Jimmy Snuggerud | C58: 28.98 | D58: high | E58: 204 | F58: $22.66 | $22.72 | $28.98 | G58: $5.47 | H58: $40.0 | J58: Jimmy Snuggerud | K58: 2025-26 Upper Deck Series 1
A59: 113 | B59: 2024-25 SPx - [Base] #97 - Connor McDavid | C59: 28.15 | D59: high | E59: 22 | F59: $15.92 | $17.98 | $28.15 | G59: $5.12 | H59: $28.15 | J59: Connor McDavid | K59: 2024-25 SPx
A60: 68 | B60: 2024 Upper Deck PWHL 1st Edition - [Base] #54 - Young Guns - Alex Carpenter | C60: 27.99 | D60: high | E60: 9 | F60: $17.22 | $27.99 | $27.76 | G60: $10.32 | H60: $27.99 | J60: Alex Carpenter | K60: 2024 Upper Deck PWHL 1st Edition
A61: 41 | B61: 2024-25 Upper Deck Series 2 - UD Portraits #P37 - Macklin Celebrini | C61: 25.52 | D61: high | E61: 222 | F61: $25.52 | $25.51 | $54.75 | G61: $7.31 | H61: $54.75 | J61: Macklin Celebrini | K61: 2024-25 Upper Deck Series 2
A62: 106 | B62: 2023-24 Upper Deck Parkhurst - Prominent Prospects - Purple #PP-BF - Brock Faber [Passed Pre‑Grade Review] #15/99 | C62: 25 | D62: manual | E62: 0 | G62: $5.0 | H62: $5.0 | J62: Brock Faber | K62: 2023-24 Upper Deck Parkhurst
A63: 25 | B63: 2024-25 Upper Deck UD Rookie Debut - [Base] #9 - Lane Hutson | C63: 24.74 | D63: high | E63: 9 | F63: $24.74 | $35.81 | $22.79 | G63: $16.02 | H63: $36.56 | J63: Lane Hutson | K63: 2024-25 Upper Deck UD Rookie Debut
A64: 98 | B64: 2024 Upper Deck PWHL 1st Edition - [Base] - Outburst #56 - Young Guns - Alina Muller | C64: 24.48 | D64: high | E64: 2 | F64: $24.48 | $22.36 | G64: $22.36 | H64: $24.48 | J64: Alina Muller | K64: 2024 Upper Deck PWHL 1st Edition
A65: 129 | B65: 2024-25 Upper Deck Credentials - [Base] - Autographs #145 - Debut Ticket Access - Collin Graf #163/199 | C65: 24.21 | D65: low | E65: 10 | F65: $17.7 | $24.21 | $28.33 | G65: $10.97 | H65: $30.27 | J65: Collin Graf | K65: 2024-25 Upper Deck Credentials
A66: 42 | B66: 2024-25 Upper Deck Series 2 - UD Canvas #C215 - Young Guns - Jackson Blake | C66: 23.98 | D66: high | E66: 9 | F66: $23.98 | $19.47 | $17.11 | G66: $6.49 | H66: $23.98 | J66: Jackson Blake | K66: 2024-25 Upper Deck Series 2
A67: 102 | B67: 2024-25 Skybox Metal Universe - [Base] - Autographs #121 - Rookies - Rutger McGroarty | C67: 22.48 | D67: high | E67: 4 | F67: $22.48 | $24.54 | $27.63 | G67: $22.48 | H67: $27.63 | J67: Rutger McGroarty | K67: 2024-25 Skybox Metal Universe
A68: 123 | B68: 2024-25 Upper Deck Fleer Ultra - [Base] - Silver Foil #204 - Rookies - Lane Hutson | C68: 22.41 | D68: high | E68: 3 | F68: $19.47 | $22.41 | $16.29 | G68: $16.29 | H68: $22.41 | J68: Lane Hutson | K68: 2024-25 Upper Deck Fleer Ultra
A69: 170 | B69: 2025-26 Upper Deck Series 1 - [Base] #226 - Young Guns - Dalibor Dvorsky | C69: 22.26 | D69: high | E69: 198 | F69: $22.26 | $17.12 | $6.5 | G69: $3.65 | H69: $25.67 | J69: Dalibor Dvorsky | K69: 2025-26 Upper Deck Series 1
A70: 153 | B70: 2024-25 O-Pee-Chee Platinum - O-Pee-Chee Premier #OP8 - Connor Bedard | C70: 21.74 | D70: low | E70: 14 | F70: $18.03 | $22.6 | $21.74 | G70: $14.18 | H70: $23.42 | J70: Connor Bedard | K70: 2024-25 O-Pee-Chee Platinum
A71: 32 | B71: 2024-25 Upper Deck Game Dated Moments - Rookie of the Month #R-1 - October - Matvei Michkov | C71: 21.24 | D71: low | E71: 2 | F71: $21.24 | $14.44 | G71: $14.44 | H71: $21.24 | J71: Matvei Michkov | K71: 2024-25 Upper Deck Game Dated Moments
A72: 66 | B72: 2024 Upper Deck PWHL 1st Edition - UD Portraits #P-2 - Marie-Philip Poulin | C72: 21.24 | D72: high | E72: 7 | F72: $21.24 | $21.23 | $12.06 | G72: $12.06 | H72: $21.24 | J72: Marie-Philip Poulin | K72: 2024 Upper Deck PWHL 1st Edition
A73: 147 | B73: 2025 Upper Deck Team Canada Juniors - Team Canada FX #FX-24 - Chloe Primerano | C73: 20.79 | D73: high | E73: 1 | F73: $20.79 | G73: $20.79 | H73: $20.79 | J73: Chloe Primerano | K73: 2025 Upper Deck Team Canada Juniors
A74: 141 | B74: 2024-25 Upper Deck PWHL - [Base] - Outburst #52 - Young Guns - Noora Tulus | C74: 20.2 | D74: high | E74: 9 | F74: $17.92 | $12.06 | $20.2 | G74: $3.25 | H74: $20.2 | J74: Noora Tulus | K74: 2024-25 Upper Deck PWHL
... A134: 55 | B134: 2023-24 O-Pee-Chee Platinum - [Base] - Violet Pixels #53 - Nick Suzuki #116/299 | C134: 10.14 | D134: high | E134: 1 | F134: $10.14 | G134: $10.14 | H134: $10.14 | J134: Nick Suzuki | K134: 2023-24 O-Pee-Chee Platinum
A135: 13 | B135: 2023-24 Upper Deck Series 1 - [Base] - Deluxe #144 - Tomas Hertl #1/250 | C135: 10 | D135: manual | J135: Tomas Hertl | K135: 2023-24 Upper Deck Series 1
A136: 21 | B136: 2024 Upper Deck - UD Retro Rookies #RR-10 - Corey Conners | C136: 10 | D136: manual | E136: 0 | G136: $5.0 | H136: $5.0 | J136: Corey Conners | K136: 2024 Upper Deck
A137: 29 | B137: 2024-25 Upper Deck Series 1 - [Base] #233 - Young Guns - Josh Doan | C137: 9.86 | D137: high | E137: 138 | F137: $9.01 | $9.86 | $4.29 | G137: $2.5 | H137: $20.23 | J137: Josh Doan | K137: 2024-25 Upper Deck Series 1
A138: 11 | B138: 2023-24 Upper Deck Series 1 - [Base] #213 - Young Guns - Will Cuylle | C138: 9.64 | D138: high | E138: 39 | F138: $6.15 | $5.9 | $9.64 | G138: $2.0 | H138: $15.0 | J138: Will Cuylle | K138: 2023-24 Upper Deck Series 1
A139: 1 | B139: 2018-19 Upper Deck Parkhurst - [Base] #331 - Rookies - Elias Pettersson | C139: 9 | D139: low | E139: 1 | F139: $144.57 | G139: $144.57 | H139: $144.57 | J139: Elias Pettersson | K139: 2018-19 Upper Deck Parkhurst
A140: 6 | B140: 2022-23 Upper Deck Extended Series - [Base] #705 - Young Guns - Jonatan Berggren | C140: 8.74 | D140: high | E140: 1 | F140: $8.74 | G140: $8.74 | H140: $8.74 | J140: Jonatan Berggren | K140: 2022-23 Upper Deck Extended Series
A141: 87 | B141: 2024 Upper Deck Team Canada Juniors - [Base] - Jersey #24 - Liam Greentree | C141: 8.49 | D141: high | E141: 4 | F141: $8.49 | $14.97 | $13.92 | G141: $8.49 | H141: $14.97 | J141: Liam Greentree | K141: 2024 Upper Deck Team Canada Juniors
A142: 19 | B142: 2023-24 Upper Deck Series 2 - [Base] #500 - Young Guns Checklist - Connor Bedard, Leo Carlsson | C142: 8.31 | D142: high | E142: 33 | F142: $5.32 | $8.31 | $9.51 | G142: $2.25 | H142: $11.69 | J142: Connor Bedard | K142: 2023-24 Upper Deck Series 2
A143: 86 | B143: 2024 Upper Deck Team Canada Juniors - [Base] - Signatures #139 - Program of Excellence - Liam Greentree | C143: 8.04 | D143: high | E143: 1 | F143: $8.04 | G143: $8.04 | H143: $8.04 | J143: Liam Greentree | K143: 2024 Upper Deck Team Canada Juniors
A144: 37 | B144: 2024-25 Upper Deck Series 2 - UD Canvas #C256 - Program of Excellence - Olen Zellweger | C144: 8.03 | D144: high | E144: 1 | F144: $8.03 | G144: $8.03 | H144: $8.03 | J144: Olen Zellweger | K144: 2024-25 Upper Deck Series 2
A145: 20 | B145: 2023-24 Upper Deck Series 2 - [Base] #456 - Young Guns - Jackson LaCombe | C145: 7.99 | D145: high | E145: 91 | F145: $6.57 | $7.99 | $5.47 | G145: $1.8 | H145: $14.92 | J145: Jackson LaCombe | K145: 2023-24 Upper Deck Series 2
A146: 145 | B146: 2025 Upper Deck Team Canada Juniors - [Base] - Red Foil #12 - Keaton Verhoeff | C146: 7.49 | D146: high | E146: 31 | F146: $5.93 | $12.16 | $7.49 | G146: $2.56 | H146: $19.42 | J146: Keaton Verhoeff | K146: 2025 Upper Deck Team Canada Juniors
A147: 155 | B147: 2024-25 O-Pee-Chee Platinum - [Base] - Violet Pixels #300 - Marquee Rookies - Sebastian Cossa #48/299 | C147: 7.3 | D147: low | E147: 1 | F147: $7.3 | G147: $7.3 | H147: $7.3 | J147: Sebastian Cossa | K147: 2024-25 O-Pee-Chee Platinum
A148: 28 | B148: 2024-25 Upper Deck Series 1 - [Base] #216 - Young Guns - Matt Rempe | C148: 7.28 | D148: high | E148: 70 | F148: $7.27 | $7.28 | $7.27 | G148: $1.99 | H148: $14.73 | J148: Matt Rempe | K148: 2024-25 Upper Deck Series 1
... A168: 4 | B168: 2020-21 O-Pee-Chee Platinum - [Base] - Rainbow #157 - Marquee Rookies - Thomas Harley | C168: 5 | D168: high | E168: 2 | F168: $8.99 | $13.57 | G168: $8.99 | H168: $13.57 | J168: Thomas Harley | K168: 2020-21 O-Pee-Chee Platinum
A169: 76 | B169: 2024-25 4 Nations Face-Off - Game Dated Moments #2 - (Feb. 12, 2025) - Crosby Dishes out Three Assists as Canada Tops Sweden at the 4 Nations Face-Off™ | C169: 5 | D169: manual | E169: 0 | G169: $5.0 | H169: $5.0 | J169: Crosby Dishes | K169: 2024-25 4 Nations Face-Off
A170: 77 | B170: 2024-25 4 Nations Face-Off - Game Dated Moments - Silver #2 - (Feb. 12, 2025) - Crosby Dishes out Three Assists as Canada Tops Sweden at the 4 Nations Face-Off™ | C170: 5 | D170: manual | E170: 0 | G170: $5.0 | H170: $5.0 | J170: Crosby Dishes | K170: 2024-25 4 Nations Face-Off
A171: 7 | B171: 2023-24 Upper Deck Series 1 - [Base] #201 - Young Guns - Matthew Coronato | C171: 4.91 | D171: high | E171: 23 | F171: $3.92 | $4.91 | $3.98 | G171: $1.99 | H171: $9.87 | J171: Matthew Coronato | K171: 2023-24 Upper Deck Series 1
A172: 130 | B172: 2024-25 Upper Deck Fleer Ultra - [Base] - Blue Foil #64 - Leo Carlsson #65/399 | C172: 4.86 | D172: low | E172: 2 | F172: $4.86 | $27.3 | G172: $4.86 | H172: $27.3 | J172: Leo Carlsson | K172: 2024-25 Upper Deck Fleer Ultra
A173: 89 | B173: 2021-22 O-Pee-Chee Platinum - [Base] - Rainbow Color Wheel #284 - Marquee Rookies - Seth Jarvis | C173: 4.48 | D173: low | E173: 19 | F173: $10.35 | $4.48 | $10.39 | G173: $4.48 | H173: $27.37 | J173: Seth Jarvis | K173: 2021-22 O-Pee-Chee Platinum
A174: 176 | B174: 2024-25 Upper Deck Series 1 - [Base] #244 - Young Guns - Logan Stankoven | C174: 4.24 | D174: high | E174: 82 | F174: $4.11 | $4.24 | $8.0 | G174: $3.25 | H174: $16.08 | J174: Logan Stankoven | K174: 2024-25 Upper Deck Series 1
A175: 17 | B175: 2022-23 Skybox Metal Universe - Hardware #HW-4 - Nazem Kadri | C175: 4 | D175: high | E175: 1 | F175: $22.49 | G175: $22.49 | H175: $22.49 | J175: Nazem Kadri | K175: 2022-23 Skybox Metal Universe
A176: 47 | B176: 2024-25 Upper Deck Series 2 - [Base] #474 - Young Guns - Rutger McGroarty | C176: 4 | D176: high | E176: 91 | F176: $4.0 | $3.75 | $4.38 | G176: $1.86 | H176: $13.44 | J176: Rutger McGroarty | K176: 2024-25 Upper Deck Series 2
A177: 125 | B177: 2025 Upper Deck DC x NHL Crossover - [Base] - Gold #4 - Superman™ & Krypto™ | C177: 3.99 | D177: high | E177: 2 | F177: $3.99 | $15.32 | G177: $3.99 | H177: $15.32 | J177: Superman™ & Krypto™ | K177: 2025 Upper Deck DC x NHL Crossover
A178: 48 | B178: 2024-25 Upper Deck Series 2 - [Base] #478 - Young Guns - Conor Geekie | C178: 3.98 | D178: high | E178: 77 | F178: $5.98 | $3.98 | $2.55 | G178: $1.4 | H178: $11.69 | J178: Conor Geekie | K178: 2024-25 Upper Deck Series 2
A179: 34 | B179: 2024-25 Upper Deck Series 2 - [Base] - Outburst #463 - Young Guns - Maxim Tsyplakov | C179: 3 | D179: high | E179: 4 | F179: $7.49 | $3.0 | $14.49 | G179: $3.0 | H179: $14.49 | J179: Maxim Tsyplakov | K179: 2024-25 Upper Deck Series 2
A180: 105 | B180: 2023-24 Upper Deck Parkhurst - Prominent Prospects - Blue #PP-MA - Matthew Kessel [Passed Pre‑Grade Review] #24/25 | C180: 3 | D180: manual | E180: 0 | G180: $5.0 | H180: $5.0 | J180: Matthew Kessel | K180: 2023-24 Upper Deck Parkhurst
...

Sheet Summary
A1: CARD COLLECTION — PRICE REPORT
A3: OVERVIEW
A4: Total Cards in List | B4: 189
A5: Cards Priced | B5: =COUNTA('All Cards'!$C$2:$C$190)-COUNTIF('All Cards'!$C$2:$C$190,0) -> 189
A6: Manual Entries | B6: =COUNTIF('All Cards'!$D$2:$D$190,"manual") -> 18
A7: Cards Under $5 | B7: =COUNTIFS('All Cards'!$C$2:$C$190,">=0.01",'All Cards'!$C$2:$C$190,"<5") -> 21
A9: VALUATION (edit Fair Value on 'All Cards' sheet to update)
A10: GRAND TOTAL | B10: =SUM('All Cards'!$C$2:$C$190) -> 8091.41
A11: Scraped (eBay) | B11: =SUMIF('All Cards'!$D$2:$D$190,"<>manual",'All Cards'!$C$2:$C$190) -> 6921.41
A12: Manual Comps | B12: =SUMIF('All Cards'!$D$2:$D$190,"manual",'All Cards'!$C$2:$C$190) -> 1170
A14: VALUE BY CONFIDENCE
A15: High (112 cards) | B15: =SUMIF('All Cards'!$D$2:$D$190,"high",'All Cards'!$C$2:$C$190) -> 3487.01
A16: Medium (7 cards) | B16: =SUMIF('All Cards'!$D$2:$D$190,"medium",'All Cards'!$C$2:$C$190) -> 177.8
A17: Low (46 cards) | B17: =SUMIF('All Cards'!$D$2:$D$190,"low",'All Cards'!$C$2:$C$190) -> 2917.06
A18: Estimated (6 cards) | B18: =SUMIF('All Cards'!$D$2:$D$190,"estimated",'All Cards'!$C$2:$C$190) -> 339.54
A19: Manual (18 cards) | B19: =SUMIF('All Cards'!$D$2:$D$190,"manual",'All Cards'!$C$2:$C$190) -> 1170
A21: VALUE TIERS
B22: # Cards | C22: Total USD
A23: $0 – $5 | B23: =COUNTIFS('All Cards'!$C$2:$C$190,">=0",'All Cards'!$C$2:$C$190,"<5") -> 21 | C23: =SUMIFS('All Cards'!$C$2:$C$190,'All Cards'!$C$2:$C$190,">=0",'All Cards'!$C$2:$C$190,"<5") -> 64.29
A24: $5 – $25 | B24: =COUNTIFS('All Cards'!$C$2:$C$190,">=5",'All Cards'!$C$2:$C$190,"<25") -> 109 | C24: =SUMIFS('All Cards'!$C$2:$C$190,'All Cards'!$C$2:$C$190,">=5",'All Cards'!$C$2:$C$190,"<25") -> 1463.2
A25: $25 – $100 | B25: =COUNTIFS('All Cards'!$C$2:$C$190,">=25",'All Cards'!$C$2:$C$190,"<100") -> 39 | C25: =SUMIFS('All Cards'!$C$2:$C$190,'All Cards'!$C$2:$C$190,">=25",'All Cards'!$C$2:$C$190,"<100") -> 1887.14
A26: $100 – $500 | B26: =COUNTIFS('All Cards'!$C$2:$C$190,">=100",'All Cards'!$C$2:$C$190,"<500") -> 19 | C26: =SUMIFS('All Cards'!$C$2:$C$190,'All Cards'!$C$2:$C$190,">=100",'All Cards'!$C$2:$C$190,"<500") -> 4071.78
A27: $500+ | B27: =COUNTIFS('All Cards'!$C$2:$C$190,">=500",'All Cards'!$C$2:$C$190,"<9999999") -> 1 | C27: =SUMIFS('All Cards'!$C$2:$C$190,'All Cards'!$C$2:$C$190,">=500",'All Cards'!$C$2:$C$190,"<9999999") -> 605
A29: TOP 10 MOST VALUABLE (snapshot ranking — values update live)
A30: Card Name | B30: USD | C30: Confidence
A31: 2024-25 O-Pee-Chee Platinum - [Base] - Arctic Freeze #263 - Marquee Rookies - Macklin Celebrini #1/99 | B31: ='All Cards'!C162 -> 5.64 | C31: Low
A32: 2023-24 O-Pee-Chee Platinum - [Base] - Violet Pixels #201 - Marquee Rookies - Connor Bedard [PSA 10 GEM MT] #260/299 | B32: ='All Cards'!C135 -> 10 | C32: Low
A33: 2024-25 Upper Deck Series 2 - [Base] #451 - Young Guns - Macklin Celebrini [PSA 8 NM‑MT] | B33: ='All Cards'!C186 -> 2.11 | C33: High
A34: 2024-25 O-Pee-Chee Platinum - [Base] - Red Prism #263 - Marquee Rookies - Macklin Celebrini #2/199 | B34: ='All Cards'!C164 -> 5.34 | C34: High
A35: 2024-25 SPx - Excellence Redefined - Red #EX-9 - Connor Bedard, Nathan MacKinnon #9/10 | B35: ='All Cards'!C143 -> 8.04 | C35: Estimated
A36: 2023-24 Upper Deck Allure - Color Flow - Orange Yellow Spectrum #CF-16 - Connor Bedard [PSA 10 GEM MT] #125/199 | B36: ='All Cards'!C119 -> 13.19 | C36: Manual
A37: 2023-24 Upper Deck Series 2 - [Base] #451 - Young Guns - Connor Bedard [PSA 9 MINT] | B37: ='All Cards'!C32 -> 59.49 | C37: High
A38: 2023-24 O-Pee-Chee Platinum - [Base] - Red Prism #201 - Marquee Rookies - Connor Bedard [PSA 9 MINT] #70/199 | B38: ='All Cards'!C110 -> 14.61 | C38: Low
A39: 2023-24 O-Pee-Chee Platinum - [Base] - Pond Hockey Variants #202 - Marquee Rookies - Logan Cooley [PSA 10 GEM MT] | B39: ='All Cards'!C136 -> 10 | C39: Low
A40: 2023-24 O-Pee-Chee Platinum - [Base] - Emerald Surge #53 - Nick Suzuki [PSA 10 GEM MT] #10/10 | B40: ='All Cards'!C138 -> 9.64 | C40: Manual
A42: CONFIDENCE LEGEND
A43: High | B43: Direct eBay comp — full query matched variant + serial + set
A44: Medium | B44: Set-level comp — dropped parallel/variant name
A45: Low | B45: Broad fallback — player + card# + year only
A46: Estimated | B46: Nearby print-run comp adjusted by serial multiplier
A47: Manual | B47: No eBay sales — price entered manually
A48: Under $5 | B48: Low-value flag — red rows on All Cards sheet

Sheet By Player
A1: VALUE BY PLAYER (totals update when you edit All Cards)
A2: Edit Fair Value on 'All Cards' sheet (yellow column) — totals here update automatically
A3: Player | B3: # Cards | C3: Total USD
A4: Connor Bedard | B4: =COUNTIF('All Cards'!$J$2:$J$190,A4) -> 10 | C4: =SUMIF('All Cards'!$J$2:$J$190,A4,'All Cards'!$C$2:$C$190) -> 1763.87
A5: Macklin Celebrini | B5: =COUNTIF('All Cards'!$J$2:$J$190,A5) -> 8 | C5: =SUMIF('All Cards'!$J$2:$J$190,A5,'All Cards'!$C$2:$C$190) -> 1645.41
A6: Matthew Knies | B6: =COUNTIF('All Cards'!$J$2:$J$190,A6) -> 5 | C6: =SUMIF('All Cards'!$J$2:$J$190,A6,'All Cards'!$C$2:$C$190) -> 234.48
A7: Leo Carlsson | B7: =COUNTIF('All Cards'!$J$2:$J$190,A7) -> 3 | C7: =SUMIF('All Cards'!$J$2:$J$190,A7,'All Cards'!$C$2:$C$190) -> 267.41
A8: Marie-Philip Poulin | B8: =COUNTIF('All Cards'!$J$2:$J$190,A8) -> 4 | C8: =SUMIF('All Cards'!$J$2:$J$190,A8,'All Cards'!$C$2:$C$190) -> 263.47
A9: Adam Fantilli | B9: =COUNTIF('All Cards'!$J$2:$J$190,A9) -> 2 | C9: =SUMIF('All Cards'!$J$2:$J$190,A9,'All Cards'!$C$2:$C$190) -> 248.26
A10: Nick Suzuki | B10: =COUNTIF('All Cards'!$J$2:$J$190,A10) -> 2 | C10: =SUMIF('All Cards'!$J$2:$J$190,A10,'All Cards'!$C$2:$C$190) -> 210.14
A11: Logan Cooley | B11: =COUNTIF('All Cards'!$J$2:$J$190,A11) -> 1 | C11: =SUMIF('All Cards'!$J$2:$J$190,A11,'All Cards'!$C$2:$C$190) -> 150
A12: Artyom Levshunov | B12: =COUNTIF('All Cards'!$J$2:$J$190,A12) -> 2 | C12: =SUMIF('All Cards'!$J$2:$J$190,A12,'All Cards'!$C$2:$C$190) -> 208.06
A13: Zayne Parekh | B13: =COUNTIF('All Cards'!$J$2:$J$190,A13) -> 1 | C13: =SUMIF('All Cards'!$J$2:$J$190,A13,'All Cards'!$C$2:$C$190) -> 196.18
A14: Cutter Gauthier | B14: =COUNTIF('All Cards'!$J$2:$J$190,A14) -> 2 | C14: =SUMIF('All Cards'!$J$2:$J$190,A14,'All Cards'!$C$2:$C$190) -> 144.89
A15: Elias Pettersson | B15: =COUNTIF('All Cards'!$J$2:$J$190,A15) -> 1 | C15: =SUMIF('All Cards'!$J$2:$J$190,A15,'All Cards'!$C$2:$C$190) -> 9
... A131: Samantha Cogan | B131: =COUNTIF('All Cards'!$J$2:$J$190,A131) -> 1 | C131: =SUMIF('All Cards'!$J$2:$J$190,A131,'All Cards'!$C$2:$C$190) -> 0.45
A132: GRAND TOTAL | C132: =SUM('All Cards'!$C$2:$C$190) -> 8091.41

Sheet By Set
A1: VALUE BY SET (totals update when you edit All Cards)
A2: Edit Fair Value on 'All Cards' sheet (yellow column) — totals here update automatically
A3: Set Name | B3: # Cards | C3: Total USD
A4: 2023-24 O-Pee-Chee Platinum | B4: =COUNTIF('All Cards'!$K$2:$K$190,A4) -> 19 | C4: =SUMIF('All Cards'!$K$2:$K$190,A4,'All Cards'!$C$2:$C$190) -> 1874.28
A5: 2024-25 O-Pee-Chee Platinum | B5: =COUNTIF('All Cards'!$K$2:$K$190,A5) -> 12 | C5: =SUMIF('All Cards'!$K$2:$K$190,A5,'All Cards'!$C$2:$C$190) -> 1109.92
A6: 2024-25 Upper Deck Series 2 | B6: =COUNTIF('All Cards'!$K$2:$K$190,A6) -> 27 | C6: =SUMIF('All Cards'!$K$2:$K$190,A6,'All Cards'!$C$2:$C$190) -> 1021.77
A7: 2024 Upper Deck PWHL 1st Edition | B7: =COUNTIF('All Cards'!$K$2:$K$190,A7) -> 25 | C7: =SUMIF('All Cards'!$K$2:$K$190,A7,'All Cards'!$C$2:$C$190) -> 776.87
A8: 2024-25 SPx | B8: =COUNTIF('All Cards'!$K$2:$K$190,A8) -> 7 | C8: =SUMIF('All Cards'!$K$2:$K$190,A8,'All Cards'!$C$2:$C$190) -> 598.4
A9: 2025-26 Upper Deck Series 1 | B9: =COUNTIF('All Cards'!$K$2:$K$190,A9) -> 9 | C9: =SUMIF('All Cards'!$K$2:$K$190,A9,'All Cards'!$C$2:$C$190) -> 525.21
A10: 2023-24 Upper Deck Allure | B10: =COUNTIF('All Cards'!$K$2:$K$190,A10) -> 3 | C10: =SUMIF('All Cards'!$K$2:$K$190,A10,'All Cards'!$C$2:$C$190) -> 416.12
A11: 2023-24 Upper Deck Series 2 | B11: =COUNTIF('All Cards'!$K$2:$K$190,A11) -> 4 | C11: =SUMIF('All Cards'!$K$2:$K$190,A11,'All Cards'!$C$2:$C$190) -> 292.07
A12: 2023-24 SPx | B12: =COUNTIF('All Cards'!$K$2:$K$190,A12) -> 3 | C12: =SUMIF('All Cards'!$K$2:$K$190,A12,'All Cards'!$C$2:$C$190) -> 120
A13: 2023-24 Upper Deck Series 1 | B13: =COUNTIF('All Cards'!$K$2:$K$190,A13) -> 9 | C13: =SUMIF('All Cards'!$K$2:$K$190,A13,'All Cards'!$C$2:$C$190) -> 136.45
A14: 2018-19 Upper Deck Parkhurst | B14: =COUNTIF('All Cards'!$K$2:$K$190,A14) -> 1 | C14: =SUMIF('All Cards'!$K$2:$K$190,A14,'All Cards'!$C$2:$C$190) -> 9
A15: 2024-25 Skybox Metal Universe | B15: =COUNTIF('All Cards'!$K$2:$K$190,A15) -> 3 | C15: =SUMIF('All Cards'!$K$2:$K$190,A15,'All Cards'!$C$2:$C$190) -> 140.54
... A47: 2021-22 O-Pee-Chee Platinum | B47: =COUNTIF('All Cards'!$K$2:$K$190,A47) -> 1 | C47: =SUMIF('All Cards'!$K$2:$K$190,A47,'All Cards'!$C$2:$C$190) -> 4.48
A48: GRAND TOTAL | C48: =SUM('All Cards'!$C$2:$C$190) -> 8091.41

Sheet Charts
A1: VISUAL ANALYSIS (charts update when Fair Value is edited)
A3: Confidence | B3: Value USD | O3: Tier | P3: # Cards
A4: High | B4: =SUMIF('All Cards'!$D$2:$D$190,"high",'All Cards'!$C$2:$C$190) -> 3487.01 | O4: $0 – $5 | P4: =COUNTIFS('All Cards'!$C$2:$C$190,">=0",'All Cards'!$C$2:$C$190,"<5") -> 21
A5: Medium | B5: =SUMIF('All Cards'!$D$2:$D$190,"medium",'All Cards'!$C$2:$C$190) -> 177.8 | O5: $5 – $25 | P5: =COUNTIFS('All Cards'!$C$2:$C$190,">=5",'All Cards'!$C$2:$C$190,"<25") -> 109
A6: Low | B6: =SUMIF('All Cards'!$D$2:$D$190,"low",'All Cards'!$C$2:$C$190) -> 2917.06 | O6: $25 – $100 | P6: =COUNTIFS('All Cards'!$C$2:$C$190,">=25",'All Cards'!$C$2:$C$190,"<100") -> 39
A7: Estimated | B7: =SUMIF('All Cards'!$D$2:$D$190,"estimated",'All Cards'!$C$2:$C$190) -> 339.54 | O7: $100 – $500 | P7: =COUNTIFS('All Cards'!$C$2:$C$190,">=100",'All Cards'!$C$2:$C$190,"<500") -> 19
A8: Manual | B8: =SUMIF('All Cards'!$D$2:$D$190,"manual",'All Cards'!$C$2:$C$190) -> 1170 | O8: $500+ | P8: =COUNTIFS('All Cards'!$C$2:$C$190,">=500",'All Cards'!$C$2:$C$190,"<9999999") -> 1
A20: Player / Card | B20: USD | O20: Set | P20: USD
A21: Macklin Celebrini | B21: ='All Cards'!C162 -> 5.64 | O21: O-Pee-Chee Platinum | P21: =SUMIF('All Cards'!$K$2:$K$190,Q21,'All Cards'!$C$2:$C$190) -> 1874.28 | Q21: 2023-24 O-Pee-Chee Platinum
A22: Connor Bedard | B22: ='All Cards'!C135 -> 10 | O22: O-Pee-Chee Platinum | P22: =SUMIF('All Cards'!$K$2:$K$190,Q22,'All Cards'!$C$2:$C$190) -> 1109.92 | Q22: 2024-25 O-Pee-Chee Platinum
A23: Macklin Celebrini | B23: ='All Cards'!C186 -> 2.11 | O23: Upper Deck Series 2 | P23: =SUMIF('All Cards'!$K$2:$K$190,Q23,'All Cards'!$C$2:$C$190) -> 1021.77 | Q23: 2024-25 Upper Deck Series 2
A24: Macklin Celebrini | B24: ='All Cards'!C164 -> 5.34 | O24: Upper Deck PWHL 1st Edition | P24: =SUMIF('All Cards'!$K$2:$K$190,Q24,'All Cards'!$C$2:$C$190) -> 776.87 | Q24: 2024 Upper Deck PWHL 1st Edition
A25: Connor Bedard | B25: ='All Cards'!C143 -> 8.04 | O25: SPx | P25: =SUMIF('All Cards'!$K$2:$K$190,Q25,'All Cards'!$C$2:$C$190) -> 598.4 | Q25: 2024-25 SPx
A26: Connor Bedard | B26: ='All Cards'!C119 -> 13.19 | O26: Upper Deck Series 1 | P26: =SUMIF('All Cards'!$K$2:$K$190,Q26,'All Cards'!$C$2:$C$190) -> 525.21 | Q26: 2025-26 Upper Deck Series 1
A27: Connor Bedard | B27: ='All Cards'!C32 -> 59.49 | O27: Upper Deck Allure | P27: =SUMIF('All Cards'!$K$2:$K$190,Q27,'All Cards'!$C$2:$C$190) -> 416.12 | Q27: 2023-24 Upper Deck Allure
A28: Connor Bedard | B28: ='All Cards'!C110 -> 14.61 | O28: Upper Deck Series 2 | P28: =SUMIF('All Cards'!$K$2:$K$190,Q28,'All Cards'!$C$2:$C$190) -> 292.07 | Q28: 2023-24 Upper Deck Series 2
A29: Logan Cooley | B29: ='All Cards'!C136 -> 10 | O29: SPx | P29: =SUMIF('All Cards'!$K$2:$K$190,Q29,'All Cards'!$C$2:$C$190) -> 120 | Q29: 2023-24 SPx
A30: Nick Suzuki | B30: ='All Cards'!C138 -> 9.64 | O30: Upper Deck Series 1 | P30: =SUMIF('All Cards'!$K$2:$K$190,Q30,'All Cards'!$C$2:$C$190) -> 136.45 | Q30: 2023-24 Upper Deck Series 1

Sheet Value Tiers
A1: $0 – $5
A2: Live Count: | B2: =COUNTIFS('All Cards'!$C$2:$C$190,">=0",'All Cards'!$C$2:$C$190,"<5") -> 21 | C2: =SUMIFS('All Cards'!$C$2:$C$190,'All Cards'!$C$2:$C$190,">=0",'All Cards'!$C$2:$C$190,"<5") -> 64.29
A3: Card Name | B3: Fair Value (USD) | C3: Confidence
A4: 2023-24 Upper Deck Series 1 - [Base] #201 - Young Guns - Matthew Coronato | B4: ='All Cards'!C8 -> 273.77 | C4: high
A5: 2024-25 Upper Deck Fleer Ultra - [Base] - Blue Foil #64 - Leo Carlsson #65/399 | B5: ='All Cards'!C131 -> 10.57 | C5: low
A6: 2021-22 O-Pee-Chee Platinum - [Base] - Rainbow Color Wheel #284 - Marquee Rookies - Seth Jarvis | B6: ='All Cards'!C90 -> 17.44 | C6: low
A7: 2024-25 Upper Deck Series 1 - [Base] #244 - Young Guns - Logan Stankoven | B7: ='All Cards'!C177 -> 3.99 | C7: high
A8: 2024-25 Upper Deck Series 2 - [Base] #474 - Young Guns - Rutger McGroarty | B8: ='All Cards'!C48 -> 39.03 | C8: high
A9: 2025 Upper Deck DC x NHL Crossover - [Base] - Gold #4 - Superman™ & Krypto™ | B9: ='All Cards'!C126 -> 11.67 | C9: high
A10: 2024-25 Upper Deck Series 2 - [Base] #478 - Young Guns - Conor Geekie | B10: ='All Cards'!C49 -> 38.7 | C10: high
A11: 2024-25 Upper Deck Series 2 - [Base] - Outburst #463 - Young Guns - Maxim Tsyplakov | B11: ='All Cards'!C35 -> 55.88 | C11: high
A12: 2023-24 Upper Deck Parkhurst - Prominent Prospects - Blue #PP-MA - Matthew Kessel [Passed Pre‑Grade Review] #24/25 | B12: ='All Cards'!C106 -> 15.06 | C12: manual
A13: 2024-25 Upper Deck Series 2 - UD Canvas - Black & White #C257 - Program of Excellence - Joshua Roy | B13: ='All Cards'!C76 -> 19.84 | C13: high
A14: 2020-21 O-Pee-Chee Platinum - Retro #R-59 - Rookies - Brandon Hagel | B14: ='All Cards'!C6 -> 313.3 | C14: high
A15: 2025 Upper Deck Team Canada Juniors - [Base] - Outburst #42 - Alex Huang | B15: ='All Cards'!C145 -> 7.99 | C15: low
A16: 2024-25 Upper Deck Series 2 - [Base] #497 - Young Guns - Logan Mailloux, Lane Hutson | B16: ='All Cards'!C50 -> 37.28 | C16: high
A17: 2023-24 O-Pee-Chee Platinum - [Base] - Violet Pixels #236 - Marquee Rookies - Connor Zary [Passed Pre‑Grade Review] #168/299 | B17: ='All Cards'!C81 -> 19.26 | C17: low
A18: 2024-25 O-Pee-Chee Platinum - [Base] - Violet Pixels #273 - Marquee Rookies - Ivan Ivan #292/299 | B18: ='All Cards'!C159 -> 6.11 | C18: high
A19: 2023-24 Upper Deck Series 2 - [Base] #492 - Young Guns - Dmitri Voronkov | B19: ='All Cards'!C19 -> 124.13 | C19: high
A20: 2023-24 O-Pee-Chee Platinum - [Base] - Cosmic #256 - Marquee Rookies - John Beecher #58/65 | B20: ='All Cards'!C58 -> 28.98 | C20: manual
A21: 2024 Upper Deck PWHL 1st Edition - [Base] - Exclusives #3 - Elaine Chuli #68/100 | B21: ='All Cards'!C84 -> 18.52 | C21: estimated
A22: 2024 Upper Deck PWHL 1st Edition - [Base] - Exclusives #31 - Samantha Cogan #43/100 | B22: ='All Cards'!C85 -> 18.21 | C22: estimated
A24: $5 – $25
A25: Live Count: | B25: =COUNTIFS('All Cards'!$C$2:$C$190,">=5",'All Cards'!$C$2:$C$190,"<25") -> 109 | C25: =SUMIFS('All Cards'!$C$2:$C$190,'All Cards'!$C$2:$C$190,">=5",'All Cards'!$C$2:$C$190,"<25") -> 1463.2
A26: Card Name | B26: Fair Value (USD) | C26: Confidence
A27: 2024-25 Upper Deck UD Rookie Debut - [Base] #9 - Lane Hutson | B27: ='All Cards'!C26 -> 3 | C27: high
A28: 2024 Upper Deck PWHL 1st Edition - [Base] - Outburst #56 - Young Guns - Alina Muller | B28: ='All Cards'!C99 -> 16.18 | C28: high
A29: 2024-25 Upper Deck Credentials - [Base] - Autographs #145 - Debut Ticket Access - Collin Graf #163/199 | B29: ='All Cards'!C130 -> 10.6 | C29: low
A30: 2024-25 Upper Deck Series 2 - UD Canvas #C215 - Young Guns - Jackson Blake | B30: ='All Cards'!C43 -> 50 | C30: high
A31: 2019-20 Upper Deck Parkhurst - [Base] #320 - Rookies - Jack Hughes | B31: ='All Cards'!C4 -> 368 | C31: high
A32: 2022-23 Skybox Metal Universe - Hardware #HW-4 - Nazem Kadri | B32: ='All Cards'!C18 -> 124.13 | C32: high
A33: 2024-25 Skybox Metal Universe - [Base] - Autographs #121 - Rookies - Rutger McGroarty | B33: ='All Cards'!C103 -> 15.98 | C33: high
A34: 2024-25 Upper Deck Fleer Ultra - [Base] - Silver Foil #204 - Rookies - Lane Hutson | B34: ='All Cards'!C124 -> 12.25 | C34: high
A35: 2025-26 Upper Deck Series 1 - [Base] #226 - Young Guns - Dalibor Dvorsky | B35: ='All Cards'!C171 -> 4.91 | C35: high
A36: 2024-25 O-Pee-Chee Platinum - O-Pee-Chee Premier #OP8 - Connor Bedard | B36: ='All Cards'!C154 -> 6.57 | C36: low
A37: 2024-25 Upper Deck Game Dated Moments - Rookie of the Month #R-1 - October - Matvei Michkov | B37: ='All Cards'!C33 -> 58 | C37: low
A38: 2024 Upper Deck PWHL 1st Edition - UD Portraits #P-2 - Marie-Philip Poulin | B38: ='All Cards'!C67 -> 22.48 | C38: high
A39: 2025 Upper Deck Team Canada Juniors - Team Canada FX #FX-24 - Chloe Primerano | B39: ='All Cards'!C148 -> 7.28 | C39: high
A40: 2024-25 Upper Deck PWHL - [Base] - Outburst #52 - Young Guns - Noora Tulus | B40: ='All Cards'!C142 -> 8.31 | C40: high
A41: 2025-26 Upper Deck Series 1 - [Base] #201 - Young Guns - Artyom Levshunov | B41: ='All Cards'!C168 -> 5 | C41: high
A42: 2024-25 Upper Deck Series 2 - [Base] #492 - Young Guns - Matvei Michkov | B42: ='All Cards'!C75 -> 20.15 | C42: high
A43: 2025 Upper Deck GR8 Moments - [Base] - Red #GR-8 - (Apr. 6, 2025) - Alex Ovechkin Breaks NHL Goals Record | B43: ='All Cards'!C160 -> 6.01 | C43: high
A44: 2024-25 Upper Deck Series 2 - UD Canvas #C221 - Young Guns - Adam Klapka | B44: ='All Cards'!C44 -> 46.01 | C44: high
A45: 2024-25 Upper Deck Series 2 - [Base] - Silver Foil #313 - Leon Draisaitl | B45: ='All Cards'!C54 -> 30.49 | C45: low
A46: 2025-26 Upper Deck Series 1 - Encore #E-36 - Ivan Demidov | B46: ='All Cards'!C167 -> 5 | C46: high
A47: 2024-25 Upper Deck Series 2 - UD Canvas #C241 - Retired - Gordie Howe | B47: ='All Cards'!C37 -> 55.57 | C47: high
A48: 2024 Upper Deck PWHL 1st Edition - [Base] #55 - Young Guns - Brianne Jenner | B48: ='All Cards'!C70 -> 21.74 | C48: high
A49: 2024-25 SPx - [Base] #151 - Extended Rookies - Jakub Dobes | B49: ='All Cards'!C112 -> 14.6 | C49: high
A50: 2024-25 Upper Deck Credentials - Acetate Debut Ticket Access #DTAA-RM - Rutger McGroarty #128/199 | B50: ='All Cards'!C121 -> 12.92 | C50: low
A51: 2025 Upper Deck DC x NHL Crossover - [Base] - Silver #4 - Superman™ & Krypto™ | B51: ='All Cards'!C127 -> 11.46 | C51: high
A52: 2024-25 Upper Deck Series 2 - [Base] #500 - Young Guns Checklist - Macklin Celebrini, Matvei Michkov | B52: ='All Cards'!C53 -> 31.43 | C52: high
A53: 2024-25 Upper Deck Series 2 - [Base] #461 - Young Guns - Oliver Kapanen | B53: ='All Cards'!C46 -> 39.85 | C53: high
A54: 2024 Upper Deck PWHL 1st Edition - [Base] #52 - Young Guns - Grace Zumwinkle | B54: ='All Cards'!C68 -> 22.41 | C54: high
A55: 2023 Upper Deck All-Sports Game Dated Moments - [Base] #66 - (Dec. 26, 2023) - Macklin Celebrini Scores First Goal of the 2024 World Junior Championship | B55: ='All Cards'!C17 -> 30 | C55: high
A56: 2025-26 Upper Deck Series 1 - Dazzlers - Blue #DZ-39 - Lane Hutson | B56: ='All Cards'!C166 -> 5.03 | C56: high
A57: 2025 Upper Deck DC x NHL Crossover - [Base] - Canvas Achievement #3 - Superman™ | B57: ='All Cards'!C128 -> 11.46 | C57: high
A58: 2024 Upper Deck PWHL 1st Edition - [Base] #67 - Young Guns - Gabbie Hughes | B58: ='All Cards'!C71 -> 21.24 | C58: high
A59: 2024 Upper Deck PWHL 1st Edition - [Base] - Exclusives #15 - Akane Shiga #15/100 | B59: ='All Cards'!C86 -> 18.1 | C59: high
A60: 2023-24 Upper Deck Parkhurst - Prominent Prospects #PP-CB - Connor Bedard [Passed Pre‑Grade Review] | B60: ='All Cards'!C82 -> 19.13 | C60: medium
A61: 2024 Upper Deck PWHL 1st Edition - Dazzlers #DZ-10 - Emily Clark | B61: ='All Cards'!C61 -> 25.52 | C61: high
A62: 2025-26 Upper Deck Series 1 - [Base] #248 - Young Guns - Sam Rinzel | B62: ='All Cards'!C172 -> 4.86 | C62: high
A63: 2024-25 Upper Deck Fleer Ultra - Ultra Team #UT 15 OF 40 - Matvei Michkov | B63: ='All Cards'!C123 -> 12.6 | C63: high
A64: 2023-24 Upper Deck Allure - [Base] - Hypnosis #124 - Rookies - Matthew Kessel [Passed Pre‑Grade Review] | B64: ='All Cards'!C108 -> 14.71 | C64: high
A65: 2025 Upper Deck GR8 Moments - [Base] - Photo Variant Achievement #GR-8V - (Apr. 6, 2025) - Alex Ovechkin Breaks NHL Goals Record | B65: ='All Cards'!C96 -> 16.78 | C65: high
A66: 2025-26 Upper Deck Series 1 - [Base] #202 - Young Guns - Gabe Perreault | B66: ='All Cards'!C169 -> 5 | C66: high
A67: 2025 Upper Deck GR8 Moments - [Base] - Red #GR-4 - (Jan. 21, 2010) - Alex Ovechkin Reaches 250 Goals | B67: ='All Cards'!C94 -> 16.81 | C67: high
A68: 2025 Upper Deck GR8 Moments - [Base] - Red #GR-2 - (Oct. 12, 2007) - Alex Ovechkin Scores 100th Goal | B68: ='All Cards'!C95 -> 16.8 | C68: high
A69: 2025 Upper Deck GR8 Moments - [Base] - Blue #GR-7 - (Dec. 13, 2022) - Alex Ovechkin Scores 800th Goal | B69: ='All Cards'!C161 -> 5.85 | C69: high
A70: 2024-25 SPx - [Base] - Gold #137 - Rookies - Zachary Bolduc | B70: ='All Cards'!C111 -> 14.6 | C70: high
A71: 2024-25 SPx - Bound for Glory #BFG-10 - Matvei Michkov | B71: ='All Cards'!C113 -> 14.6 | C71: high
A72: 2020-21 Upper Deck - [Base] - Photo Variation #419 - Auston Matthews [Poor to Fair] | B72: ='All Cards'!C141 -> 8.49 | C72: high
A73: 2024-25 O-Pee-Chee Platinum - [Base] - Rainbow #300 - Marquee Rookies - Sebastian Cossa | B73: ='All Cards'!C152 -> 6.81 | C73: low
A74: 2024 Upper Deck PWHL 1st Edition - Dazzlers #DZ-13 - Jamie Lee Rattray | B74: ='All Cards'!C64 -> 24.48 | C74: high
A75: 2024-25 O-Pee-Chee Platinum - [Base] - Rainbow #278 - Marquee Rookies - Will Smith | B75: ='All Cards'!C153 -> 6.76 | C75: high
A76: 2024-25 Upper Deck Series 2 - UD Canvas #C172 - Patrick Kane | B76: ='All Cards'!C45 -> 45.48 | C76: high
A77: 2024 Upper Deck PWHL 1st Edition - Dazzlers #DZ-12 - Rebecca Leslie | B77: ='All Cards'!C63 -> 24.74 | C77: high
A78: 2024 Upper Deck PWHL 1st Edition - Dazzlers #DZ-15 - Chloe Aurard | B78: ='All Cards'!C65 -> 24.21 | C78: high
A79: 2025 Upper Deck GR8 Moments - [Base] #GR-1 - (Oct. 5, 2005) - Alex Ovechkin Scores Twice in Debut | B79: ='All Cards'!C122 -> 12.8 | C79: low
A80: 2023-24 Upper Deck Fleer Ultra - 2053-54 Fleer Ultra #U-38 - Connor McDavid | B80: ='All Cards'!C80 -> 19.47 | C80: high
A81: 2022-23 Upper Deck Fleer Ultra - 30th Anniversary #A-10 - Felix Potvin | B81: ='All Cards'!C25 -> 99 | C81: high
A82: 2023-24 O-Pee-Chee Platinum - Rookie Autographs - Rainbow #R-HT - Henry Thrun | B82: ='All Cards'!C59 -> 28.15 | C82: low
A83: 2024-25 Upper Deck Series 2 - [Base] #498 - Young Guns - Olen Zellweger, Cutter Gauthier | B83: ='All Cards'!C51 -> 36.05 | C83: high
A84: 2025 Upper Deck Team Canada Juniors - [Base] - Auto Patch #12 - Keaton Verhoeff #128/150 | B84: ='All Cards'!C149 -> 7.15 | C84: estimated
A85: 2021-22 Upper Deck Fleer Ultra - [Base] - Blue Foil #100 - Connor McDavid [Passed Pre‑Grade Review] #243/399 | B85: ='All Cards'!C105 -> 15.24 | C85: low
A86: 2025 Upper Deck GR8 Moments - [Base] - Red #GR-6 - (Jun. 7, 2018) - Alex Ovechkin Lifts Stanley Cup | B86: ='All Cards'!C93 -> 17.02 | C86: high
A87: 2025 Upper Deck DC x NHL Crossover - [Base] #1 - Wayne Gretzky | B87: ='All Cards'!C125 -> 12.06 | C87: high
A88: 2024 Upper Deck PWHL 1st Edition - Dazzlers #DZ-11 - Jocelyne Larocque | B88: ='All Cards'!C62 -> 25 | C88: high
A89: 2022-23 Upper Deck Synergy - Light Up The Night #LN-CP - Carey Price #754/899 | B89: ='All Cards'!C16 -> 20 | C89: medium
A90: 2024-25 Upper Deck Series 1 - [Base] #227 - Young Guns - Frank Nazar | B90: ='All Cards'!C104 -> 15.92 | C90: high
A91: 2025 Topps Chrome Sapphire Edition Spongebob Squarepants 25th Anniversary - [Base] #67 - "No This is Patrick" | B91: ='All Cards'!C178 -> 3.98 | C91: low
A92: 2024-25 O-Pee-Chee Platinum - [Base] - Rainbow #206 - Marquee Rookies - Frank Nazar | B92: ='All Cards'!C151 -> 6.85 | C92: high
A93: 2025 Topps Chrome Sapphire Edition Spongebob Squarepants 25th Anniversary - [Base] #89 - "I Need It!" | B93: ='All Cards'!C173 -> 4.48 | C93: low
A94: 2023-24 Upper Deck Series 1 - [Base] #241 - Young Guns - Marco Kasper | B94: ='All Cards'!C9 -> 263.23 | C94: medium
A95: 2024-25 O-Pee-Chee Platinum - [Base] - Violet Pixels #281 - Marquee Rookies - Jonathan Lekkerimaki #2/299 | B95: ='All Cards'!C163 -> 5.47 | C95: low
A96: 2024-25 Upper Deck Series 2 - [Base] #473 - Young Guns - Devin Cooley | B96: ='All Cards'!C47 -> 39.47 | C96: high
A97: 2023-24 Upper Deck Synergy - Synergistic Duos Star-Legend - Green #SD-8 - Auston Matthews, Doug Gilmour #179/399 | B97: ='All Cards'!C31 -> 59.99 | C97: low
A98: 2023-24 Upper Deck Extended Series - [Base] #724 - Young Guns - Dennis Hildeby | B98: ='All Cards'!C24 -> 99.59 | C98: high
A99: 2023-24 O-Pee-Chee Platinum - [Base] - Violet Pixels #53 - Nick Suzuki #116/299 | B99: ='All Cards'!C56 -> 30 | C99: high
A100: 2023-24 Upper Deck Series 1 - [Base] - Deluxe #144 - Tomas Hertl #1/250 | B100: ='All Cards'!C14 -> 187.91 | C100: manual
A101: 2024 Upper Deck - UD Retro Rookies #RR-10 - Corey Conners | B101: ='All Cards'!C22 -> 100.15 | C101: manual
...

Sheet Under $5
A1: CARDS UNDER $5 (snapshot list — values link to All Cards)
A2: Prices link to 'All Cards' sheet. If a price changes above $5, use the All Cards filter for a live view.
A3: Live count of cards under $5: | B3: =COUNTIFS('All Cards'!$C$2:$C$190,">=0.01",'All Cards'!$C$2:$C$190,"<5") -> 21
A4: Card Name | B4: Fair Value (USD) | C4: Confidence | D4: # Sales
A5: 2024 Upper Deck PWHL 1st Edition - [Base] - Exclusives #3 - Elaine Chuli #68/100 | B5: ='All Cards'!C84 -> 18.52 | C5: estimated | D5: 1
A6: 2024 Upper Deck PWHL 1st Edition - [Base] - Exclusives #31 - Samantha Cogan #43/100 | B6: ='All Cards'!C85 -> 18.21 | C6: estimated | D6: 1
A7: 2023-24 Upper Deck Series 2 - [Base] #492 - Young Guns - Dmitri Voronkov | B7: ='All Cards'!C19 -> 124.13 | C7: high | D7: 22
A8: 2023-24 O-Pee-Chee Platinum - [Base] - Cosmic #256 - Marquee Rookies - John Beecher #58/65 | B8: ='All Cards'!C58 -> 28.98 | C8: manual | D8: —
A9: 2024-25 O-Pee-Chee Platinum - [Base] - Violet Pixels #273 - Marquee Rookies - Ivan Ivan #292/299 | B9: ='All Cards'!C159 -> 6.11 | C9: high | D9: 1
A10: 2023-24 O-Pee-Chee Platinum - [Base] - Violet Pixels #236 - Marquee Rookies - Connor Zary [Passed Pre‑Grade Review] #168/299 | B10: ='All Cards'!C81 -> 19.26 | C10: low | D10: 2
A11: 2024-25 Upper Deck Series 2 - [Base] #497 - Young Guns - Logan Mailloux, Lane Hutson | B11: ='All Cards'!C50 -> 37.28 | C11: high | D11: 16
A12: 2025 Upper Deck Team Canada Juniors - [Base] - Outburst #42 - Alex Huang | B12: ='All Cards'!C145 -> 7.99 | C12: low | D12: 6
A13: 2020-21 O-Pee-Chee Platinum - Retro #R-59 - Rookies - Brandon Hagel | B13: ='All Cards'!C6 -> 313.3 | C13: high | D13: 1
A14: 2024-25 Upper Deck Series 2 - UD Canvas - Black & White #C257 - Program of Excellence - Joshua Roy | B14: ='All Cards'!C76 -> 19.84 | C14: high | D14: 4
A15: 2024-25 Upper Deck Series 2 - [Base] - Outburst #463 - Young Guns - Maxim Tsyplakov | B15: ='All Cards'!C35 -> 55.88 | C15: high | D15: 4
A16: 2023-24 Upper Deck Parkhurst - Prominent Prospects - Blue #PP-MA - Matthew Kessel [Passed Pre‑Grade Review] #24/25 | B16: ='All Cards'!C106 -> 15.06 | C16: manual | D16: 0
A17: 2024-25 Upper Deck Series 2 - [Base] #478 - Young Guns - Conor Geekie | B17: ='All Cards'!C49 -> 38.7 | C17: high | D17: 77
A18: 2025 Upper Deck DC x NHL Crossover - [Base] - Gold #4 - Superman™ & Krypto™ | B18: ='All Cards'!C126 -> 11.67 | C18: high | D18: 2
A19: 2024-25 Upper Deck Series 2 - [Base] #474 - Young Guns - Rutger McGroarty | B19: ='All Cards'!C48 -> 39.03 | C19: high | D19: 91
A20: 2024-25 Upper Deck Series 1 - [Base] #244 - Young Guns - Logan Stankoven | B20: ='All Cards'!C177 -> 3.99 | C20: high | D20: 82
A21: 2021-22 O-Pee-Chee Platinum - [Base] - Rainbow Color Wheel #284 - Marquee Rookies - Seth Jarvis | B21: ='All Cards'!C90 -> 17.44 | C21: low | D21: 19
A22: 2024-25 Upper Deck Fleer Ultra - [Base] - Blue Foil #64 - Leo Carlsson #65/399 | B22: ='All Cards'!C131 -> 10.57 | C22: low | D22: 2
A23: 2023-24 Upper Deck Series 1 - [Base] #201 - Young Guns - Matthew Coronato | B23: ='All Cards'!C8 -> 273.77 | C23: high | D23: 23

Sheet Manual Entries
A1: MANUALLY PRICED CARDS (18 cards) — prices link to All Cards
A2: Card Name | B2: Manual Price (USD) | C2: Notes
A3: 2023-24 Upper Deck Series 1 - [Base] - Deluxe #144 - Tomas Hertl #1/250 | B3: ='All Cards'!C14 -> 187.91 | C3: No eBay sold listings — comp price entered manually
A4: 2024 Upper Deck - UD Retro Rookies #RR-10 - Corey Conners | B4: ='All Cards'!C22 -> 100.15 | C4: No eBay sold listings — comp price entered manually
A5: 2023-24 O-Pee-Chee Platinum - [Base] - Cosmic #256 - Marquee Rookies - John Beecher #58/65 | B5: ='All Cards'!C58 -> 28.98 | C5: No eBay sold listings — comp price entered manually
A6: 2023-24 SPx - Signature Fabrics - Spectrum Patch #SF-JT - John Tavares #2/5 | B6: ='All Cards'!C74 -> 20.2 | C6: No eBay sold listings — comp price entered manually
A7: 2024-25 4 Nations Face-Off - Game Dated Moments #2 - (Feb. 12, 2025) - Crosby Dishes out Three Assists as Canada Tops Sweden at the 4 Nations Face-Off™ | B7: ='All Cards'!C77 -> 19.73 | C7: No eBay sold listings — comp price entered manually
A8: 2024-25 4 Nations Face-Off - Game Dated Moments - Silver #2 - (Feb. 12, 2025) - Crosby Dishes out Three Assists as Canada Tops Sweden at the 4 Nations Face-Off™ | B8: ='All Cards'!C78 -> 19.47 | C8: No eBay sold listings — comp price entered manually
A9: 2023-24 Upper Deck Parkhurst - Prominent Prospects - Blue #PP-MA - Matthew Kessel [Passed Pre‑Grade Review] #24/25 | B9: ='All Cards'!C106 -> 15.06 | C9: No eBay sold listings — comp price entered manually
A10: 2023-24 Upper Deck Parkhurst - Prominent Prospects - Purple #PP-BF - Brock Faber [Passed Pre‑Grade Review] #15/99 | B10: ='All Cards'!C107 -> 15 | C10: No eBay sold listings — comp price entered manually
A11: 2023-24 Upper Deck Allure - Color Flow - Orange Yellow Spectrum #CF-16 - Connor Bedard [PSA 10 GEM MT] #125/199 | B11: ='All Cards'!C119 -> 13.19 | C11: No eBay sold listings — comp price entered manually
A12: 2023-24 O-Pee-Chee Platinum - [Base] - Emerald Surge #53 - Nick Suzuki [PSA 10 GEM MT] #10/10 | B12: ='All Cards'!C138 -> 9.64 | C12: No eBay sold listings — comp price entered manually
A13: 1998-99 In the Game Be A Player - [Base] - Gold 20th National Atlanta #284 - Curtis Joseph #8/10 | B13: ='All Cards'!C140 -> 8.74 | C13: No eBay sold listings — comp price entered manually
A14: 2025 Upper Deck Team Canada Juniors - License to Ice #LI-23 - Chloe Primerano | B14: ='All Cards'!C150 -> 7.06 | C14: No eBay sold listings — comp price entered manually
A15: 2023-24 O-Pee-Chee Platinum - Photo Driven - Red Pixel #PD-6 - Auston Matthews [PSA 10 GEM MT] #75/85 | B15: ='All Cards'!C179 -> 3 | C15: No eBay sold listings — comp price entered manually
A16: 2023-24 SPx - [Base] - Purple Parallax #134 - Rookies - Matthew Knies [PSA 9 MINT] #85/149 | B16: ='All Cards'!C180 -> 3 | C16: No eBay sold listings — comp price entered manually
A17: 2024-25 Upper Deck Series 2 - Young Guns Renewed #201.3 - Connor McDavid [PSA 9 MINT] | B17: ='All Cards'!C184 -> 2.69 | C17: No eBay sold listings — comp price entered manually
A18: 2024-25 Upper Deck Series 2 - UD Canvas #C161 - Joseph Woll [PSA 10 GEM MT] | B18: ='All Cards'!C185 -> 2.37 | C18: No eBay sold listings — comp price entered manually
A19: 2021 Bowman Chrome - [Base] - Blue Refractor #49 - Alejandro Kirk [PSA 9 MINT] #113/150 | B19: ='All Cards'!C187 -> 2 | C19: No eBay sold listings — comp price entered manually
A20: 2024-25 SPx - [Base] #166 - Rookie Holograms - Macklin Celebrini [PSA 8 NM‑MT] | B20: ='All Cards'!C190 -> 0.45 | C20: No eBay sold listings — comp price entered manually
A21: SUBTOTAL | B21: =SUMIF('All Cards'!$D$2:$D$190,"manual",'All Cards'!$C$2:$C$190) -> 1170
